1709280384586,8e4ea53f-0473-4682-9e2a-c4a97792a07d,706130
1709280436307,e5715f3c-ffcb-4fb1-8992-c57e1d397995,900668
1709280447676,6ecc2c29-7790-4863-a5f3-775cb44fba22,8714
1709280454782,ce5748cf-5717-4b38-9be7-ffee58ede9a8,1077490
1709280512935,79a00c6d-818a-40f3-b1db-5b13c051ceed,191419
1709280552608,bf6f721e-394a-438a-abe0-03f32e0b7730,328539
1709280557391,f910bef0-a987-4505-8003-eeb4812c9083,900525
1709280569592,a652c6fc-747d-4c7a-b20d-87ea1c8f9883,1035464
1709280591089,edce7045-7f04-4d2d-8ea2-e113497ea236,327614
1709280620263,f910bef0-a987-4505-8003-eeb4812c9083,677318
1709280652122,248a8750-66c2-4e22-8c86-4dceadb54b89,963391
1709280690375,7a7965cd-5948-496d-b471-9544e2cbb93b,301595
1709280734847,67ddf9ce-6826-48c4-b4ff-bad3415e8186,327726
1709280754349,edce7045-7f04-4d2d-8ea2-e113497ea236,378510
1709280794195,ce5748cf-5717-4b38-9be7-ffee58ede9a8,1023072
1709280816154,0265c7b6-c00b-4283-95ea-9912d4bdd0ab,841693
1709280851464,a9a0213e-8687-45f3-85f1-b45d894d7b92,1189727
1709280901562,8dc579f9-a862-46de-a092-ca010fe92831,377589
1709280912111,2bcff657-c6c2-46bc-bb92-b3126a85ccc5,57516
1709280946314,02d99e8a-cb17-40e3-9bc9-dd19155ddaa4,625591
1709280984246,67ddf9ce-6826-48c4-b4ff-bad3415e8186,293716
1709281012705,9c07dfb8-bc94-4af0-95bf-bf37cfdbc029,195588
1709281053385,009f6f2a-b586-4539-98e3-ac441c254046,269228
1709281102427,908bf16d-2ae7-4596-a2b0-231e863011f4,785129
1709281109053,6757bc43-04e1-4c51-8c13-c49cc89ff0a7,21799
1709281140591,f2264d52-c8b0-4786-af15-e8bb0fb43893,842159
1709281143634,20f58197-e8f9-4ef2-bd6c-4678b658add5,487297
1709281175268,9c07dfb8-bc94-4af0-95bf-bf37cfdbc029,215772
1709281200537,faad1aa5-bead-4af0-b2e2-b21d13eb2f4e,1020960
1709281257102,faad1aa5-bead-4af0-b2e2-b21d13eb2f4e,765084
1709281301786,f910bef0-a987-4505-8003-eeb4812c9083,717973
1709281337380,4805355b-936a-40c9-92b0-e1607129b356,276055
1709281340933,7993dc18-01a7-4ab0-90b7-83e246731d57,351093
1709281358482,cbe0768a-0236-439f-a212-f82a841fb9be,913608
1709281401993,79a00c6d-818a-40f3-b1db-5b13c051ceed,264294
1709281425606,60daf568-e4ab-4d19-a885-38d13f8c5cdb,270693
1709281442370,31e6d52e-ee44-4c50-bb3b-6f2bae34dee3,129823
1709281466676,9c07dfb8-bc94-4af0-95bf-bf37cfdbc029,216079
1709281521730,9c457e79-c6f6-409d-baeb-fd572615e7ea,214065
1709281525241,05a658e8-e52d-48c0-8f96-7873b026596b,665317
1709281575427,e795d913-c621-464d-8d69-c8107abe7cd2,422446
1709281585655,7163665b-c717-4b6a-9794-a5ecd71a2586,112195
1709281585776,2b9dc1fe-ef76-440d-ab72-9967732047e9,662209
1709281623108,ca2f2d14-5e79-4203-b30e-3866cd1ffa42,795480
1709281636906,31e6d52e-ee44-4c50-bb3b-6f2bae34dee3,157272
1709281696119,a652c6fc-747d-4c7a-b20d-87ea1c8f9883,910010
1709281721310,4805355b-936a-40c9-92b0-e1607129b356,243326
1709281756007,19d3f380-291f-4e4b-aa4e-5dcff951ed61,85020
1709281785928,248a8750-66c2-4e22-8c86-4dceadb54b89,530078
1709281798822,0bae0a82-1c72-4774-ae30-4c123e780568,565485
1709281830823,f91a474c-db3e-4b08-b5d6-1f260fe5d640,773775
1709281858070,44b15979-01e0-4f80-9bec-55c285d92566,630065
1709281912744,8b14b3c4-6273-4653-af57-e0f0e75d40b3,276964
1709281959990,9d5cb97b-11f1-4003-8fa8-bfab9b600e21,657583
1709281987492,cbe0768a-0236-439f-a212-f82a841fb9be,894267
1709282029362,4e75258c-a939-432a-a09a-cff5e28976ff,23384
1709282055314,009f6f2a-b586-4539-98e3-ac441c254046,263676
1709282084158,8c8c32fa-0fa0-4c32-8f28-4741119dbe97,592662
1709282130177,8e4ea53f-0473-4682-9e2a-c4a97792a07d,833610
1709282184552,8c520594-2e5d-4821-a35b-7284838a50c1,681691
1709282237196,db8ab7c0-8998-4bc4-ab76-3e6c097be294,454430
1709282242612,fc140c08-4628-4673-bd94-13a9802c4c8e,278102
1709282279417,492ebd4a-c2f7-4da0-a774-a8f5bc57f2ba,672206
1709282292418,fdc8a634-8395-4eaa-9888-c38b7d9b102b,896466
1709282328933,a436e362-41e3-42af-8a78-ecc00144443f,1046022
1709282339913,db8ab7c0-8998-4bc4-ab76-3e6c097be294,500125
1709282380813,7993dc18-01a7-4ab0-90b7-83e246731d57,326077
1709282425089,8680d6bd-f0a4-4bbd-a34b-9d2bf22bb7f7,488927
1709282447905,0f19c398-b899-466c-b0ef-c7ec6e46e958,662206
1709282501543,f2264d52-c8b0-4786-af15-e8bb0fb43893,745637
1709282526102,5ea22e8b-b6fc-48af-beae-533b65ec123e,693964
1709282542932,4867f476-53c3-4de5-a4ef-acf437a14d61,59784
1709282582682,02d99e8a-cb17-40e3-9bc9-dd19155ddaa4,450388
1709282584105,8c8c32fa-0fa0-4c32-8f28-4741119dbe97,781396
1709282641567,6bdff94c-51ef-4649-abbd-18990441f17d,909081
1709282697983,2b9dc1fe-ef76-440d-ab72-9967732047e9,588886
1709282742770,215176b9-fc3a-4958-9b9e-0d1d0c1f239a,752804
1709282772814,efef804c-9885-40de-a287-32b608d4f92c,285121
1709282784816,30062abb-4294-4aab-b9ae-11e4b6eed262,506872
1709282840105,8e4ea53f-0473-4682-9e2a-c4a97792a07d,552268
1709282885382,0f19c398-b899-466c-b0ef-c7ec6e46e958,532424
1709282944516,fce3e2bf-1673-43ec-b1db-430c4480a7ea,640287
1709282946753,9c457e79-c6f6-409d-baeb-fd572615e7ea,204963
1709282980156,e5715f3c-ffcb-4fb1-8992-c57e1d397995,686282
1709283012445,4d3e8fe7-ace6-452f-ad65-f6d136b25155,702215
1709283041685,7c7fbff8-0665-487a-b547-c42650629d40,112662
1709283090583,fabaecc8-021a-48fa-a0c5-46e69e4892f7,969619
1709283123709,bf6f721e-394a-438a-abe0-03f32e0b7730,371682
1709283180633,f910bef0-a987-4505-8003-eeb4812c9083,701204
1709283204483,dd655f7c-d31c-4697-9738-f8abd19641e2,570033
1709283257793,8680d6bd-f0a4-4bbd-a34b-9d2bf22bb7f7,359837
1709283302083,67ddf9ce-6826-48c4-b4ff-bad3415e8186,372871
1709283352236,199380f7-8e97-4400-be18-9b518d8e75e7,927695
1709283402753,efef804c-9885-40de-a287-32b608d4f92c,245909
1709283412939,9c457e79-c6f6-409d-baeb-fd572615e7ea,193089
1709283467173,2c46fabf-db53-4563-a7a3-21d9d55e3850,189957
1709283509550,e5715f3c-ffcb-4fb1-8992-c57e1d397995,900396
1709283564535,4805355b-936a-40c9-92b0-e1607129b356,274273
1709283599238,2c0bb8ce-5688-4dc8-857f-50e59e4014e1,343792
1709283634535,199380f7-8e97-4400-be18-9b518d8e75e7,943955
1709283658775,b53ec6e7-71ae-4f3b-bb4f-cf2b92987aa5,222725
1709283677847,f2264d52-c8b0-4786-af15-e8bb0fb43893,624797
1709283684266,ce5748cf-5717-4b38-9be7-ffee58ede9a8,622697
1709283691284,ca2f2d14-5e79-4203-b30e-3866cd1ffa42,742867
1709283692941,8c520594-2e5d-4821-a35b-7284838a50c1,771819
1709283731158,a9a0213e-8687-45f3-85f1-b45d894d7b92,999915
1709283732228,f91a474c-db3e-4b08-b5d6-1f260fe5d640,970275
1709283749014,f2264d52-c8b0-4786-af15-e8bb0fb43893,809390
1709283762405,2b9dc1fe-ef76-440d-ab72-9967732047e9,636376
1709283804867,02d99e8a-cb17-40e3-9bc9-dd19155ddaa4,565606
1709283824417,fc140c08-4628-4673-bd94-13a9802c4c8e,221830
1709283858704,cbe0768a-0236-439f-a212-f82a841fb9be,907048
1709283875860,a8743fbc-f356-4dcc-9630-cf8fd5109dba,718011
1709283893181,0265c7b6-c00b-4283-95ea-9912d4bdd0ab,760885
1709283913217,a98c5533-5efe-4ca7-afee-4224a18aaf58,527206
1709283955959,bf6f721e-394a-438a-abe0-03f32e0b7730,399284
1709283985946,ffc45934-93d8-402a-880d-56a072cfcb66,661892
1709283986928,2c46fabf-db53-4563-a7a3-21d9d55e3850,165330
1709284006093,f2264d52-c8b0-4786-af15-e8bb0fb43893,649702
1709284053432,bf6f721e-394a-438a-abe0-03f32e0b7730,337159
1709284103728,79a00c6d-818a-40f3-b1db-5b13c051ceed,236973
1709284117898,ce5748cf-5717-4b38-9be7-ffee58ede9a8,895393
1709284147551,44b15979-01e0-4f80-9bec-55c285d92566,591302
1709284196254,ecab9aca-69a6-4673-afbe-9d24641ff26b,106387
1709284256211,df123f7b-fc51-43b6-b5eb-7ce4a7fc3164,492266
1709284274411,fc140c08-4628-4673-bd94-13a9802c4c8e,226857
1709284277398,79a00c6d-818a-40f3-b1db-5b13c051ceed,176540
1709284298750,4fe855f9-b5f9-4482-93ee-3f931b9f57e0,105361
1709284306606,4e75258c-a939-432a-a09a-cff5e28976ff,21455
1709284344482,f02236ab-f3a9-45b1-90d3-bc28dd87aaa9,1103203
1709284347482,4805355b-936a-40c9-92b0-e1607129b356,218442
1709284403125,199380f7-8e97-4400-be18-9b518d8e75e7,879575
1709284414744,6d501eb7-4789-4cb8-ac1c-fa57edda55f8,651499
1709284461870,db8ab7c0-8998-4bc4-ab76-3e6c097be294,494378
1709284514298,8b14b3c4-6273-4653-af57-e0f0e75d40b3,287736
1709284548593,cbe0768a-0236-439f-a212-f82a841fb9be,1081237
1709284589360,215176b9-fc3a-4958-9b9e-0d1d0c1f239a,836380
1709284645208,9d5cb97b-11f1-4003-8fa8-bfab9b600e21,669784
1709284653383,908bf16d-2ae7-4596-a2b0-231e863011f4,919481
1709284673283,127cb769-a5d0-43ee-895d-15283b6c9bc3,329354
1709284680579,2c46fabf-db53-4563-a7a3-21d9d55e3850,160887
1709284711316,44b15979-01e0-4f80-9bec-55c285d92566,518542
1709284714036,127cb769-a5d0-43ee-895d-15283b6c9bc3,333574
1709284761365,a436e362-41e3-42af-8a78-ecc00144443f,888538
1709284763983,31e6d52e-ee44-4c50-bb3b-6f2bae34dee3,145609
1709284780397,79a00c6d-818a-40f3-b1db-5b13c051ceed,220104
1709284786928,4e7adb05-52e1-4380-a18d-0cc8dab41808,813886
1709284838200,67ddf9ce-6826-48c4-b4ff-bad3415e8186,355999
1709284873657,ecab9aca-69a6-4673-afbe-9d24641ff26b,85752
1709284920701,0a15c141-5821-4f18-b2c9-694ebb964ee5,998884
1709284931828,efef804c-9885-40de-a287-32b608d4f92c,295453
1709284944825,3018ae37-3f12-4055-a4fd-826c0f63618b,665600
1709284957803,a40f9da2-dbc9-4c39-a234-abb0b959f3e9,952862
1709284959513,0f19c398-b899-466c-b0ef-c7ec6e46e958,655631
1709284970800,5e38b9ee-5654-4ab6-a637-39f56b464ed7,568235
1709285026830,6bdff94c-51ef-4649-abbd-18990441f17d,883061
1709285043626,ae2d0973-6546-4447-a415-71da5d9f6060,855290
1709285059676,7a7965cd-5948-496d-b471-9544e2cbb93b,269447
1709285078376,e795d913-c621-464d-8d69-c8107abe7cd2,596776
1709285086257,fc140c08-4628-4673-bd94-13a9802c4c8e,195006
1709285114990,0bae0a82-1c72-4774-ae30-4c123e780568,463646
1709285165316,2c46fabf-db53-4563-a7a3-21d9d55e3850,204534
1709285185094,dd655f7c-d31c-4697-9738-f8abd19641e2,624285
1709285201789,4867f476-53c3-4de5-a4ef-acf437a14d61,61483
1709285237722,6d501eb7-4789-4cb8-ac1c-fa57edda55f8,801053
1709285294600,6757bc43-04e1-4c51-8c13-c49cc89ff0a7,19428
1709285318014,f9812739-6c1b-48f9-be2a-33d7dc76f03a,648820
1709285351918,efef804c-9885-40de-a287-32b608d4f92c,326582
1709285369666,199380f7-8e97-4400-be18-9b518d8e75e7,781764
1709285400008,a8743fbc-f356-4dcc-9630-cf8fd5109dba,861627
1709285405255,f546ee83-61ae-4f09-b138-ad63ede655ff,194462
1709285459474,8c8c32fa-0fa0-4c32-8f28-4741119dbe97,696929
1709285465445,4e75258c-a939-432a-a09a-cff5e28976ff,26694
1709285502594,8c520594-2e5d-4821-a35b-7284838a50c1,753995
1709285517051,0265c7b6-c00b-4283-95ea-9912d4bdd0ab,855541
1709285537098,ecab9aca-69a6-4673-afbe-9d24641ff26b,79913
1709285566705,8680d6bd-f0a4-4bbd-a34b-9d2bf22bb7f7,528539
1709285622381,fdc8a634-8395-4eaa-9888-c38b7d9b102b,925210
1709285680804,30062abb-4294-4aab-b9ae-11e4b6eed262,534010
1709285738541,1fd7688e-c1aa-40df-bc28-e7f96ccbf9a8,340502
1709285772600,248a8750-66c2-4e22-8c86-4dceadb54b89,975832
1709285781209,20ae9fa0-cd72-48c9-abd3-cbcfb196faf7,633962
1709285805234,9d5cb97b-11f1-4003-8fa8-bfab9b600e21,775581
1709285822725,e7707e9f-b2be-4512-ae63-e80a9a45ebc0,299579
1709285868358,a98c5533-5efe-4ca7-afee-4224a18aaf58,616196
1709285912750,19d3f380-291f-4e4b-aa4e-5dcff951ed61,74541
1709285932328,60daf568-e4ab-4d19-a885-38d13f8c5cdb,232640
1709285986887,ca2f2d14-5e79-4203-b30e-3866cd1ffa42,782281
1709286035226,8b14b3c4-6273-4653-af57-e0f0e75d40b3,316799
1709286040125,0bae0a82-1c72-4774-ae30-4c123e780568,526903
1709286046379,248a8750-66c2-4e22-8c86-4dceadb54b89,968357
1709286061958,9d5cb97b-11f1-4003-8fa8-bfab9b600e21,520332
1709286069523,0a15c141-5821-4f18-b2c9-694ebb964ee5,766390
1709286115638,ca2f2d14-5e79-4203-b30e-3866cd1ffa42,780653
1709286155846,5e38b9ee-5654-4ab6-a637-39f56b464ed7,559155
1709286167388,0bae0a82-1c72-4774-ae30-4c123e780568,536381
1709286211617,4867f476-53c3-4de5-a4ef-acf437a14d61,79937
1709286228961,0bae0a82-1c72-4774-ae30-4c123e780568,553520
1709286276577,a652c6fc-747d-4c7a-b20d-87ea1c8f9883,908639
1709286278924,7c7fbff8-0665-487a-b547-c42650629d40,155680
1709286297047,6757bc43-04e1-4c51-8c13-c49cc89ff0a7,25630
1709286332430,bde93d3e-e986-4384-981a-96ede71e7fb8,868594
1709286335160,4e75258c-a939-432a-a09a-cff5e28976ff,26443
1709286340566,ca2f2d14-5e79-4203-b30e-3866cd1ffa42,789114
1709286373795,31e6d52e-ee44-4c50-bb3b-6f2bae34dee3,166132
1709286377088,9c07dfb8-bc94-4af0-95bf-bf37cfdbc029,234633
1709286421077,df123f7b-fc51-43b6-b5eb-7ce4a7fc3164,326332
1709286467197,0265c7b6-c00b-4283-95ea-9912d4bdd0ab,560241
1709286484332,f02236ab-f3a9-45b1-90d3-bc28dd87aaa9,834193
1709286523639,20ae9fa0-cd72-48c9-abd3-cbcfb196faf7,858210
1709286574343,efef804c-9885-40de-a287-32b608d4f92c,296220
1709286624832,6757bc43-04e1-4c51-8c13-c49cc89ff0a7,21495
1709286649447,e5715f3c-ffcb-4fb1-8992-c57e1d397995,898033
1709286682796,385adf8f-7347-4989-b4a2-cd133838d549,904531
1709286684848,0f19c398-b899-466c-b0ef-c7ec6e46e958,676055
1709286709830,127cb769-a5d0-43ee-895d-15283b6c9bc3,335109
1709286729579,bde93d3e-e986-4384-981a-96ede71e7fb8,736564
1709286744777,3fabb6aa-27bb-44e4-be8b-84e4ed5bb9c6,585037
1709286794590,248a8750-66c2-4e22-8c86-4dceadb54b89,867742
1709286807372,3fabb6aa-27bb-44e4-be8b-84e4ed5bb9c6,551355
1709286853230,60daf568-e4ab-4d19-a885-38d13f8c5cdb,342325
1709286880006,ffc45934-93d8-402a-880d-56a072cfcb66,636850
1709286906688,e5715f3c-ffcb-4fb1-8992-c57e1d397995,668551
1709286943930,215176b9-fc3a-4958-9b9e-0d1d0c1f239a,550363
1709286947155,30062abb-4294-4aab-b9ae-11e4b6eed262,468925
1709286960232,faad1aa5-bead-4af0-b2e2-b21d13eb2f4e,789390
1709286973333,02d99e8a-cb17-40e3-9bc9-dd19155ddaa4,571103
1709286983770,0223b9f2-d442-46b5-a092-86b5f11f531a,99838
1709287029297,05a658e8-e52d-48c0-8f96-7873b026596b,952587
1709287059579,a652c6fc-747d-4c7a-b20d-87ea1c8f9883,946767
1709287066075,1a89a2fc-8adc-492d-a9a7-996e2f72081b,456740
1709287103517,fc140c08-4628-4673-bd94-13a9802c4c8e,196755
1709287148090,3127fedd-0c99-450b-af2e-129698be9649,552777
1709287193048,1a89a2fc-8adc-492d-a9a7-996e2f72081b,633676
1709287195928,bf6f721e-394a-438a-abe0-03f32e0b7730,406466
1709287203121,8c8c32fa-0fa0-4c32-8f28-4741119dbe97,715117
1709287248695,44b15979-01e0-4f80-9bec-55c285d92566,722655
1709287286983,526ef6b3-67e4-493c-bda3-39d653c5aa85,518010
1709287312689,e7707e9f-b2be-4512-ae63-e80a9a45ebc0,292103
1709287352436,a9a0213e-8687-45f3-85f1-b45d894d7b92,707220
1709287396545,a9a0213e-8687-45f3-85f1-b45d894d7b92,1058854
1709287422742,492ebd4a-c2f7-4da0-a774-a8f5bc57f2ba,633556
1709287472029,db8ab7c0-8998-4bc4-ab76-3e6c097be294,401947
1709287472855,19d3f380-291f-4e4b-aa4e-5dcff951ed61,99261
1709287490444,215176b9-fc3a-4958-9b9e-0d1d0c1f239a,850037
1709287505129,199380f7-8e97-4400-be18-9b518d8e75e7,897981
